105,99,bsTJ7856RwjYy5fGdM3NHe0E/tA=,bfsFUKedCfaPMFF5l0EJLiRsTfw=
106,99,bsTJ7856RwjYy5fGdM3NHe0E/tA=,bfsFUKedCfaPMFF5l0EJLiRsTfw=
107,99,bsTJ7856RwjYy5fGdM3NHe0E/tA=,bfsFUKedCfaPMFF5l0EJLiRsTfw=
110,98,bsTJ7856RwjYy5fGdM3NHe0E/tA=,bfsFUKedCfaPMFF5l0EJLiRsTfw=
109,98,bsTJ7856RwjYy5fGdM3NHe0E/tA=,bfsFUKedCfaPMFF5l0EJLiRsTfw=
108,99,bsTJ7856RwjYy5fGdM3NHe0E/tA=,bfsFUKedCfaPMFF5l0EJLiRsTfw=
108,98,bsTJ7856RwjYy5fGdM3NHe0E/tA=,bfsFUKedCfaPMFF5l0EJLiRsTfw=
106,98,bsTJ7856RwjYy5fGdM3NHe0E/tA=,bfsFUKedCfaPMFF5l0EJLiRsTfw=
107,98,bsTJ7856RwjYy5fGdM3NHe0E/tA=,bfsFUKedCfaPMFF5l0EJLiRsTfw=
110,97,bsTJ7856RwjYy5fGdM3NHe0E/tA=,bfsFUKedCfaPMFF5l0EJLiRsTfw=
109,99,bsTJ7856RwjYy5fGdM3NHe0E/tA=,bfsFUKedCfaPMFF5l0EJLiRsTfw=
110,99,bsTJ7856RwjYy5fGdM3NHe0E/tA=,bfsFUKedCfaPMFF5l0EJLiRsTfw=
107,97,bsTJ7856RwjYy5fGdM3NHe0E/tA=,bfsFUKedCfaPMFF5l0EJLiRsTfw=
105,100,bsTJ7856RwjYy5fGdM3NHe0E/tA=,bfsFUKedCfaPMFF5l0EJLiRsTfw=
109,97,bsTJ7856RwjYy5fGdM3NHe0E/tA=,bfsFUKedCfaPMFF5l0EJLiRsTfw=
110,102,bsTJ7856RwjYy5fGdM3NHe0E/tA=,bfsFUKedCfaPMFF5l0EJLiRsTfw=
106,100,bsTJ7856RwjYy5fGdM3NHe0E/tA=,bfsFUKedCfaPMFF5l0EJLiRsTfw=
105,98,bsTJ7856RwjYy5fGdM3NHe0E/tA=,bfsFUKedCfaPMFF5l0EJLiRsTfw=
109,102,bsTJ7856RwjYy5fGdM3NHe0E/tA=,bfsFUKedCfaPMFF5l0EJLiRsTfw=
108,97,bsTJ7856RwjYy5fGdM3NHe0E/tA=,bfsFUKedCfaPMFF5l0EJLiRsTfw=
108,102,bsTJ7856RwjYy5fGdM3NHe0E/tA=,bfsFUKedCfaPMFF5l0EJLiRsTfw=
107,100,bsTJ7856RwjYy5fGdM3NHe0E/tA=,bfsFUKedCfaPMFF5l0EJLiRsTfw=
107,102,bsTJ7856RwjYy5fGdM3NHe0E/tA=,bfsFUKedCfaPMFF5l0EJLiRsTfw=
106,102,bsTJ7856RwjYy5fGdM3NHe0E/tA=,bfsFUKedCfaPMFF5l0EJLiRsTfw=
106,97,bsTJ7856RwjYy5fGdM3NHe0E/tA=,bfsFUKedCfaPMFF5l0EJLiRsTfw=
105,102,bsTJ7856RwjYy5fGdM3NHe0E/tA=,bfsFUKedCfaPMFF5l0EJLiRsTfw=
108,100,bsTJ7856RwjYy5fGdM3NHe0E/tA=,bfsFUKedCfaPMFF5l0EJLiRsTfw=
110,101,bsTJ7856RwjYy5fGdM3NHe0E/tA=,bfsFUKedCfaPMFF5l0EJLiRsTfw=
109,101,bsTJ7856RwjYy5fGdM3NHe0E/tA=,bfsFUKedCfaPMFF5l0EJLiRsTfw=
109,100,bsTJ7856RwjYy5fGdM3NHe0E/tA=,bfsFUKedCfaPMFF5l0EJLiRsTfw=
108,101,bsTJ7856RwjYy5fGdM3NHe0E/tA=,bfsFUKedCfaPMFF5l0EJLiRsTfw=
105,97,bsTJ7856RwjYy5fGdM3NHe0E/tA=,bfsFUKedCfaPMFF5l0EJLiRsTfw=
107,101,bsTJ7856RwjYy5fGdM3NHe0E/tA=,bfsFUKedCfaPMFF5l0EJLiRsTfw=
110,100,bsTJ7856RwjYy5fGdM3NHe0E/tA=,bfsFUKedCfaPMFF5l0EJLiRsTfw=
105,101,bsTJ7856RwjYy5fGdM3NHe0E/tA=,bfsFUKedCfaPMFF5l0EJLiRsTfw=
111,98,bsTJ7856RwjYy5fGdM3NHe0E/tA=,bfsFUKedCfaPMFF5l0EJLiRsTfw=
111,97,bsTJ7856RwjYy5fGdM3NHe0E/tA=,bfsFUKedCfaPMFF5l0EJLiRsTfw=
111,102,bsTJ7856RwjYy5fGdM3NHe0E/tA=,bfsFUKedCfaPMFF5l0EJLiRsTfw=
111,100,bsTJ7856RwjYy5fGdM3NHe0E/tA=,bfsFUKedCfaPMFF5l0EJLiRsTfw=
106,101,bsTJ7856RwjYy5fGdM3NHe0E/tA=,bfsFUKedCfaPMFF5l0EJLiRsTfw=
111,101,bsTJ7856RwjYy5fGdM3NHe0E/tA=,bfsFUKedCfaPMFF5l0EJLiRsTfw=
111,99,bsTJ7856RwjYy5fGdM3NHe0E/tA=,bfsFUKedCfaPMFF5l0EJLiRsTfw=
106,96,bsTJ7856RwjYy5fGdM3NHe0E/tA=,bfsFUKedCfaPMFF5l0EJLiRsTfw=
105,96,bsTJ7856RwjYy5fGdM3NHe0E/tA=,bfsFUKedCfaPMFF5l0EJLiRsTfw=
107,96,bsTJ7856RwjYy5fGdM3NHe0E/tA=,bfsFUKedCfaPMFF5l0EJLiRsTfw=
108,96,bsTJ7856RwjYy5fGdM3NHe0E/tA=,bfsFUKedCfaPMFF5l0EJLiRsTfw=
109,96,bsTJ7856RwjYy5fGdM3NHe0E/tA=,bfsFUKedCfaPMFF5l0EJLiRsTfw=
110,96,bsTJ7856RwjYy5fGdM3NHe0E/tA=,bfsFUKedCfaPMFF5l0EJLiRsTfw=
111,96,bsTJ7856RwjYy5fGdM3NHe0E/tA=,bfsFUKedCfaPMFF5l0EJLiRsTfw=
101,101,bsTJ7856RwjYy5fGdM3NHe0E/tA=,bfsFUKedCfaPMFF5l0EJLiRsTfw=
104,99,bsTJ7856RwjYy5fGdM3NHe0E/tA=,bfsFUKedCfaPMFF5l0EJLiRsTfw=
100,101,bsTJ7856RwjYy5fGdM3NHe0E/tA=,bfsFUKedCfaPMFF5l0EJLiRsTfw=
99,101,bsTJ7856RwjYy5fGdM3NHe0E/tA=,bfsFUKedCfaPMFF5l0EJLiRsTfw=
100,102,bsTJ7856RwjYy5fGdM3NHe0E/tA=,bfsFUKedCfaPMFF5l0EJLiRsTfw=
100,99,bsTJ7856RwjYy5fGdM3NHe0E/tA=,bfsFUKedCfaPMFF5l0EJLiRsTfw=
101,102,bsTJ7856RwjYy5fGdM3NHe0E/tA=,bfsFUKedCfaPMFF5l0EJLiRsTfw=
97,100,bsTJ7856RwjYy5fGdM3NHe0E/tA=,bfsFUKedCfaPMFF5l0EJLiRsTfw=
99,96,bsTJ7856RwjYy5fGdM3NHe0E/tA=,bfsFUKedCfaPMFF5l0EJLiRsTfw=
99,102,bsTJ7856RwjYy5fGdM3NHe0E/tA=,bfsFUKedCfaPMFF5l0EJLiRsTfw=
99,99,bsTJ7856RwjYy5fGdM3NHe0E/tA=,bfsFUKedCfaPMFF5l0EJLiRsTfw=
96,101,bsTJ7856RwjYy5fGdM3NHe0E/tA=,bfsFUKedCfaPMFF5l0EJLiRsTfw=
104,98,bsTJ7856RwjYy5fGdM3NHe0E/tA=,bfsFUKedCfaPMFF5l0EJLiRsTfw=
102,100,bsTJ7856RwjYy5fGdM3NHe0E/tA=,bfsFUKedCfaPMFF5l0EJLiRsTfw=
102,101,bsTJ7856RwjYy5fGdM3NHe0E/tA=,bfsFUKedCfaPMFF5l0EJLiRsTfw=
101,100,bsTJ7856RwjYy5fGdM3NHe0E/tA=,bfsFUKedCfaPMFF5l0EJLiRsTfw=
103,100,bsTJ7856RwjYy5fGdM3NHe0E/tA=,bfsFUKedCfaPMFF5l0EJLiRsTfw=
97,101,bsTJ7856RwjYy5fGdM3NHe0E/tA=,bfsFUKedCfaPMFF5l0EJLiRsTfw=
104,102,bsTJ7856RwjYy5fGdM3NHe0E/tA=,bfsFUKedCfaPMFF5l0EJLiRsTfw=
100,100,bsTJ7856RwjYy5fGdM3NHe0E/tA=,bfsFUKedCfaPMFF5l0EJLiRsTfw=
96,100,bsTJ7856RwjYy5fGdM3NHe0E/tA=,bfsFUKedCfaPMFF5l0EJLiRsTfw=
98,101,bsTJ7856RwjYy5fGdM3NHe0E/tA=,bfsFUKedCfaPMFF5l0EJLiRsTfw=
98,99,bsTJ7856RwjYy5fGdM3NHe0E/tA=,bfsFUKedCfaPMFF5l0EJLiRsTfw=
104,97,bsTJ7856RwjYy5fGdM3NHe0E/tA=,bfsFUKedCfaPMFF5l0EJLiRsTfw=
99,100,bsTJ7856RwjYy5fGdM3NHe0E/tA=,bfsFUKedCfaPMFF5l0EJLiRsTfw=
100,97,bsTJ7856RwjYy5fGdM3NHe0E/tA=,bfsFUKedCfaPMFF5l0EJLiRsTfw=
104,101,bsTJ7856RwjYy5fGdM3NHe0E/tA=,bfsFUKedCfaPMFF5l0EJLiRsTfw=
104,100,bsTJ7856RwjYy5fGdM3NHe0E/tA=,bfsFUKedCfaPMFF5l0EJLiRsTfw=
102,102,bsTJ7856RwjYy5fGdM3NHe0E/tA=,bfsFUKedCfaPMFF5l0EJLiRsTfw=
97,99,bsTJ7856RwjYy5fGdM3NHe0E/tA=,bfsFUKedCfaPMFF5l0EJLiRsTfw=
96,99,bsTJ7856RwjYy5fGdM3NHe0E/tA=,bfsFUKedCfaPMFF5l0EJLiRsTfw=
98,100,bsTJ7856RwjYy5fGdM3NHe0E/tA=,bfsFUKedCfaPMFF5l0EJLiRsTfw=
103,98,bsTJ7856RwjYy5fGdM3NHe0E/tA=,bfsFUKedCfaPMFF5l0EJLiRsTfw=
103,102,bsTJ7856RwjYy5fGdM3NHe0E/tA=,bfsFUKedCfaPMFF5l0EJLiRsTfw=
100,98,bsTJ7856RwjYy5fGdM3NHe0E/tA=,bfsFUKedCfaPMFF5l0EJLiRsTfw=
96,96,bsTJ7856RwjYy5fGdM3NHe0E/tA=,bfsFUKedCfaPMFF5l0EJLiRsTfw=
98,102,bsTJ7856RwjYy5fGdM3NHe0E/tA=,bfsFUKedCfaPMFF5l0EJLiRsTfw=
102,98,bsTJ7856RwjYy5fGdM3NHe0E/tA=,bfsFUKedCfaPMFF5l0EJLiRsTfw=
103,101,bsTJ7856RwjYy5fGdM3NHe0E/tA=,bfsFUKedCfaPMFF5l0EJLiRsTfw=
99,97,bsTJ7856RwjYy5fGdM3NHe0E/tA=,bfsFUKedCfaPMFF5l0EJLiRsTfw=
101,98,bsTJ7856RwjYy5fGdM3NHe0E/tA=,bfsFUKedCfaPMFF5l0EJLiRsTfw=
96,102,bsTJ7856RwjYy5fGdM3NHe0E/tA=,bfsFUKedCfaPMFF5l0EJLiRsTfw=
103,99,bsTJ7856RwjYy5fGdM3NHe0E/tA=,bfsFUKedCfaPMFF5l0EJLiRsTfw=
98,97,bsTJ7856RwjYy5fGdM3NHe0E/tA=,bfsFUKedCfaPMFF5l0EJLiRsTfw=
97,97,bsTJ7856RwjYy5fGdM3NHe0E/tA=,bfsFUKedCfaPMFF5l0EJLiRsTfw=
102,99,bsTJ7856RwjYy5fGdM3NHe0E/tA=,bfsFUKedCfaPMFF5l0EJLiRsTfw=
96,97,bsTJ7856RwjYy5fGdM3NHe0E/tA=,bfsFUKedCfaPMFF5l0EJLiRsTfw=
101,97,bsTJ7856RwjYy5fGdM3NHe0E/tA=,bfsFUKedCfaPMFF5l0EJLiRsTfw=
102,96,bsTJ7856RwjYy5fGdM3NHe0E/tA=,bfsFUKedCfaPMFF5l0EJLiRsTfw=
103,96,bsTJ7856RwjYy5fGdM3NHe0E/tA=,bfsFUKedCfaPMFF5l0EJLiRsTfw=
101,99,bsTJ7856RwjYy5fGdM3NHe0E/tA=,bfsFUKedCfaPMFF5l0EJLiRsTfw=
102,97,bsTJ7856RwjYy5fGdM3NHe0E/tA=,bfsFUKedCfaPMFF5l0EJLiRsTfw=
101,96,bsTJ7856RwjYy5fGdM3NHe0E/tA=,bfsFUKedCfaPMFF5l0EJLiRsTfw=
104,96,bsTJ7856RwjYy5fGdM3NHe0E/tA=,bfsFUKedCfaPMFF5l0EJLiRsTfw=
98,96,bsTJ7856RwjYy5fGdM3NHe0E/tA=,bfsFUKedCfaPMFF5l0EJLiRsTfw=
100,96,bsTJ7856RwjYy5fGdM3NHe0E/tA=,bfsFUKedCfaPMFF5l0EJLiRsTfw=
97,96,bsTJ7856RwjYy5fGdM3NHe0E/tA=,bfsFUKedCfaPMFF5l0EJLiRsTfw=
99,98,bsTJ7856RwjYy5fGdM3NHe0E/tA=,bfsFUKedCfaPMFF5l0EJLiRsTfw=
98,98,bsTJ7856RwjYy5fGdM3NHe0E/tA=,bfsFUKedCfaPMFF5l0EJLiRsTfw=
97,98,bsTJ7856RwjYy5fGdM3NHe0E/tA=,bfsFUKedCfaPMFF5l0EJLiRsTfw=
96,98,bsTJ7856RwjYy5fGdM3NHe0E/tA=,bfsFUKedCfaPMFF5l0EJLiRsTfw=
103,97,bsTJ7856RwjYy5fGdM3NHe0E/tA=,bfsFUKedCfaPMFF5l0EJLiRsTfw=
97,102,bsTJ7856RwjYy5fGdM3NHe0E/tA=,bfsFUKedCfaPMFF5l0EJLiRsTfw=
111,103,bsTJ7856RwjYy5fGdM3NHe0E/tA=,bfsFUKedCfaPMFF5l0EJLiRsTfw=
108,109,bsTJ7856RwjYy5fGdM3NHe0E/tA=,bfsFUKedCfaPMFF5l0EJLiRsTfw=
107,109,bsTJ7856RwjYy5fGdM3NHe0E/tA=,bfsFUKedCfaPMFF5l0EJLiRsTfw=
110,103,bsTJ7856RwjYy5fGdM3NHe0E/tA=,bfsFUKedCfaPMFF5l0EJLiRsTfw=
105,109,bsTJ7856RwjYy5fGdM3NHe0E/tA=,bfsFUKedCfaPMFF5l0EJLiRsTfw=
106,109,bsTJ7856RwjYy5fGdM3NHe0E/tA=,bfsFUKedCfaPMFF5l0EJLiRsTfw=
109,109,bsTJ7856RwjYy5fGdM3NHe0E/tA=,bfsFUKedCfaPMFF5l0EJLiRsTfw=
111,108,bsTJ7856RwjYy5fGdM3NHe0E/tA=,bfsFUKedCfaPMFF5l0EJLiRsTfw=
110,109,bsTJ7856RwjYy5fGdM3NHe0E/tA=,bfsFUKedCfaPMFF5l0EJLiRsTfw=
109,103,bsTJ7856RwjYy5fGdM3NHe0E/tA=,bfsFUKedCfaPMFF5l0EJLiRsTfw=
110,108,bsTJ7856RwjYy5fGdM3NHe0E/tA=,bfsFUKedCfaPMFF5l0EJLiRsTfw=
108,108,bsTJ7856RwjYy5fGdM3NHe0E/tA=,bfsFUKedCfaPMFF5l0EJLiRsTfw=
111,109,bsTJ7856RwjYy5fGdM3NHe0E/tA=,bfsFUKedCfaPMFF5l0EJLiRsTfw=
109,108,bsTJ7856RwjYy5fGdM3NHe0E/tA=,bfsFUKedCfaPMFF5l0EJLiRsTfw=
108,103,bsTJ7856RwjYy5fGdM3NHe0E/tA=,bfsFUKedCfaPMFF5l0EJLiRsTfw=
107,103,bsTJ7856RwjYy5fGdM3NHe0E/tA=,bfsFUKedCfaPMFF5l0EJLiRsTfw=
105,110,bsTJ7856RwjYy5fGdM3NHe0E/tA=,bfsFUKedCfaPMFF5l0EJLiRsTfw=
106,103,bsTJ7856RwjYy5fGdM3NHe0E/tA=,bfsFUKedCfaPMFF5l0EJLiRsTfw=
107,108,bsTJ7856RwjYy5fGdM3NHe0E/tA=,bfsFUKedCfaPMFF5l0EJLiRsTfw=
106,108,bsTJ7856RwjYy5fGdM3NHe0E/tA=,bfsFUKedCfaPMFF5l0EJLiRsTfw=
106,110,bsTJ7856RwjYy5fGdM3NHe0E/tA=,bfsFUKedCfaPMFF5l0EJLiRsTfw=
105,108,bsTJ7856RwjYy5fGdM3NHe0E/tA=,bfsFUKedCfaPMFF5l0EJLiRsTfw=
111,107,bsTJ7856RwjYy5fGdM3NHe0E/tA=,bfsFUKedCfaPMFF5l0EJLiRsTfw=
107,110,bsTJ7856RwjYy5fGdM3NHe0E/tA=,bfsFUKedCfaPMFF5l0EJLiRsTfw=
109,107,bsTJ7856RwjYy5fGdM3NHe0E/tA=,bfsFUKedCfaPMFF5l0EJLiRsTfw=
110,107,bsTJ7856RwjYy5fGdM3NHe0E/tA=,bfsFUKedCfaPMFF5l0EJLiRsTfw=
108,107,bsTJ7856RwjYy5fGdM3NHe0E/tA=,bfsFUKedCfaPMFF5l0EJLiRsTfw=
108,110,bsTJ7856RwjYy5fGdM3NHe0E/tA=,bfsFUKedCfaPMFF5l0EJLiRsTfw=
107,107,bsTJ7856RwjYy5fGdM3NHe0E/tA=,bfsFUKedCfaPMFF5l0EJLiRsTfw=
106,107,bsTJ7856RwjYy5fGdM3NHe0E/tA=,bfsFUKedCfaPMFF5l0EJLiRsTfw=
105,103,bsTJ7856RwjYy5fGdM3NHe0E/tA=,bfsFUKedCfaPMFF5l0EJLiRsTfw=
109,110,bsTJ7856RwjYy5fGdM3NHe0E/tA=,bfsFUKedCfaPMFF5l0EJLiRsTfw=
105,107,bsTJ7856RwjYy5fGdM3NHe0E/tA=,bfsFUKedCfaPMFF5l0EJLiRsTfw=
111,106,bsTJ7856RwjYy5fGdM3NHe0E/tA=,bfsFUKedCfaPMFF5l0EJLiRsTfw=
110,106,bsTJ7856RwjYy5fGdM3NHe0E/tA=,bfsFUKedCfaPMFF5l0EJLiRsTfw=
110,110,bsTJ7856RwjYy5fGdM3NHe0E/tA=,bfsFUKedCfaPMFF5l0EJLiRsTfw=
109,106,bsTJ7856RwjYy5fGdM3NHe0E/tA=,bfsFUKedCfaPMFF5l0EJLiRsTfw=
107,106,bsTJ7856RwjYy5fGdM3NHe0E/tA=,bfsFUKedCfaPMFF5l0EJLiRsTfw=
108,106,bsTJ7856RwjYy5fGdM3NHe0E/tA=,bfsFUKedCfaPMFF5l0EJLiRsTfw=
106,106,bsTJ7856RwjYy5fGdM3NHe0E/tA=,bfsFUKedCfaPMFF5l0EJLiRsTfw=
111,110,bsTJ7856RwjYy5fGdM3NHe0E/tA=,bfsFUKedCfaPMFF5l0EJLiRsTfw=
105,106,bsTJ7856RwjYy5fGdM3NHe0E/tA=,bfsFUKedCfaPMFF5l0EJLiRsTfw=
110,105,bsTJ7856RwjYy5fGdM3NHe0E/tA=,bfsFUKedCfaPMFF5l0EJLiRsTfw=
111,105,bsTJ7856RwjYy5fGdM3NHe0E/tA=,bfsFUKedCfaPMFF5l0EJLiRsTfw=
105,111,bsTJ7856RwjYy5fGdM3NHe0E/tA=,bfsFUKedCfaPMFF5l0EJLiRsTfw=
109,105,bsTJ7856RwjYy5fGdM3NHe0E/tA=,bfsFUKedCfaPMFF5l0EJLiRsTfw=
107,105,bsTJ7856RwjYy5fGdM3NHe0E/tA=,bfsFUKedCfaPMFF5l0EJLiRsTfw=
108,105,bsTJ7856RwjYy5fGdM3NHe0E/tA=,bfsFUKedCfaPMFF5l0EJLiRsTfw=
106,111,bsTJ7856RwjYy5fGdM3NHe0E/tA=,bfsFUKedCfaPMFF5l0EJLiRsTfw=
106,105,bsTJ7856RwjYy5fGdM3NHe0E/tA=,bfsFUKedCfaPMFF5l0EJLiRsTfw=
105,105,bsTJ7856RwjYy5fGdM3NHe0E/tA=,bfsFUKedCfaPMFF5l0EJLiRsTfw=
111,104,bsTJ7856RwjYy5fGdM3NHe0E/tA=,bfsFUKedCfaPMFF5l0EJLiRsTfw=
110,104,bsTJ7856RwjYy5fGdM3NHe0E/tA=,bfsFUKedCfaPMFF5l0EJLiRsTfw=
107,111,bsTJ7856RwjYy5fGdM3NHe0E/tA=,bfsFUKedCfaPMFF5l0EJLiRsTfw=
109,104,bsTJ7856RwjYy5fGdM3NHe0E/tA=,bfsFUKedCfaPMFF5l0EJLiRsTfw=
108,111,bsTJ7856RwjYy5fGdM3NHe0E/tA=,bfsFUKedCfaPMFF5l0EJLiRsTfw=
108,104,bsTJ7856RwjYy5fGdM3NHe0E/tA=,bfsFUKedCfaPMFF5l0EJLiRsTfw=
107,104,bsTJ7856RwjYy5fGdM3NHe0E/tA=,bfsFUKedCfaPMFF5l0EJLiRsTfw=
105,104,bsTJ7856RwjYy5fGdM3NHe0E/tA=,bfsFUKedCfaPMFF5l0EJLiRsTfw=
109,111,bsTJ7856RwjYy5fGdM3NHe0E/tA=,bfsFUKedCfaPMFF5l0EJLiRsTfw=
106,104,bsTJ7856RwjYy5fGdM3NHe0E/tA=,bfsFUKedCfaPMFF5l0EJLiRsTfw=
111,111,bsTJ7856RwjYy5fGdM3NHe0E/tA=,bfsFUKedCfaPMFF5l0EJLiRsTfw=
110,111,bsTJ7856RwjYy5fGdM3NHe0E/tA=,bfsFUKedCfaPMFF5l0EJLiRsTfw=
100,103,bsTJ7856RwjYy5fGdM3NHe0E/tA=,bfsFUKedCfaPMFF5l0EJLiRsTfw=
104,109,bsTJ7856RwjYy5fGdM3NHe0E/tA=,bfsFUKedCfaPMFF5l0EJLiRsTfw=
97,111,bsTJ7856RwjYy5fGdM3NHe0E/tA=,bfsFUKedCfaPMFF5l0EJLiRsTfw=
102,110,bsTJ7856RwjYy5fGdM3NHe0E/tA=,bfsFUKedCfaPMFF5l0EJLiRsTfw=
101,110,bsTJ7856RwjYy5fGdM3NHe0E/tA=,bfsFUKedCfaPMFF5l0EJLiRsTfw=
99,111,bsTJ7856RwjYy5fGdM3NHe0E/tA=,bfsFUKedCfaPMFF5l0EJLiRsTfw=
103,110,bsTJ7856RwjYy5fGdM3NHe0E/tA=,bfsFUKedCfaPMFF5l0EJLiRsTfw=
98,111,bsTJ7856RwjYy5fGdM3NHe0E/tA=,bfsFUKedCfaPMFF5l0EJLiRsTfw=
96,111,bsTJ7856RwjYy5fGdM3NHe0E/tA=,bfsFUKedCfaPMFF5l0EJLiRsTfw=
99,103,bsTJ7856RwjYy5fGdM3NHe0E/tA=,bfsFUKedCfaPMFF5l0EJLiRsTfw=
99,110,bsTJ7856RwjYy5fGdM3NHe0E/tA=,bfsFUKedCfaPMFF5l0EJLiRsTfw=
100,110,bsTJ7856RwjYy5fGdM3NHe0E/tA=,bfsFUKedCfaPMFF5l0EJLiRsTfw=
104,108,bsTJ7856RwjYy5fGdM3NHe0E/tA=,bfsFUKedCfaPMFF5l0EJLiRsTfw=
102,109,bsTJ7856RwjYy5fGdM3NHe0E/tA=,bfsFUKedCfaPMFF5l0EJLiRsTfw=
98,110,bsTJ7856RwjYy5fGdM3NHe0E/tA=,bfsFUKedCfaPMFF5l0EJLiRsTfw=
98,103,bsTJ7856RwjYy5fGdM3NHe0E/tA=,bfsFUKedCfaPMFF5l0EJLiRsTfw=
96,110,bsTJ7856RwjYy5fGdM3NHe0E/tA=,bfsFUKedCfaPMFF5l0EJLiRsTfw=
97,110,bsTJ7856RwjYy5fGdM3NHe0E/tA=,bfsFUKedCfaPMFF5l0EJLiRsTfw=
104,107,bsTJ7856RwjYy5fGdM3NHe0E/tA=,bfsFUKedCfaPMFF5l0EJLiRsTfw=
104,103,bsTJ7856RwjYy5fGdM3NHe0E/tA=,bfsFUKedCfaPMFF5l0EJLiRsTfw=
103,109,bsTJ7856RwjYy5fGdM3NHe0E/tA=,bfsFUKedCfaPMFF5l0EJLiRsTfw=
100,109,bsTJ7856RwjYy5fGdM3NHe0E/tA=,bfsFUKedCfaPMFF5l0EJLiRsTfw=
101,109,bsTJ7856RwjYy5fGdM3NHe0E/tA=,bfsFUKedCfaPMFF5l0EJLiRsTfw=
103,108,bsTJ7856RwjYy5fGdM3NHe0E/tA=,bfsFUKedCfaPMFF5l0EJLiRsTfw=
104,106,bsTJ7856RwjYy5fGdM3NHe0E/tA=,bfsFUKedCfaPMFF5l0EJLiRsTfw=
97,103,bsTJ7856RwjYy5fGdM3NHe0E/tA=,bfsFUKedCfaPMFF5l0EJLiRsTfw=
99,109,bsTJ7856RwjYy5fGdM3NHe0E/tA=,bfsFUKedCfaPMFF5l0EJLiRsTfw=
96,103,bsTJ7856RwjYy5fGdM3NHe0E/tA=,bfsFUKedCfaPMFF5l0EJLiRsTfw=
96,109,bsTJ7856RwjYy5fGdM3NHe0E/tA=,bfsFUKedCfaPMFF5l0EJLiRsTfw=
104,105,bsTJ7856RwjYy5fGdM3NHe0E/tA=,bfsFUKedCfaPMFF5l0EJLiRsTfw=
97,109,bsTJ7856RwjYy5fGdM3NHe0E/tA=,bfsFUKedCfaPMFF5l0EJLiRsTfw=
98,109,bsTJ7856RwjYy5fGdM3NHe0E/tA=,bfsFUKedCfaPMFF5l0EJLiRsTfw=
101,108,bsTJ7856RwjYy5fGdM3NHe0E/tA=,bfsFUKedCfaPMFF5l0EJLiRsTfw=
102,108,bsTJ7856RwjYy5fGdM3NHe0E/tA=,bfsFUKedCfaPMFF5l0EJLiRsTfw=
98,108,bsTJ7856RwjYy5fGdM3NHe0E/tA=,bfsFUKedCfaPMFF5l0EJLiRsTfw=
104,104,bsTJ7856RwjYy5fGdM3NHe0E/tA=,bfsFUKedCfaPMFF5l0EJLiRsTfw=
100,108,bsTJ7856RwjYy5fGdM3NHe0E/tA=,bfsFUKedCfaPMFF5l0EJLiRsTfw=
96,108,bsTJ7856RwjYy5fGdM3NHe0E/tA=,bfsFUKedCfaPMFF5l0EJLiRsTfw=
99,108,bsTJ7856RwjYy5fGdM3NHe0E/tA=,bfsFUKedCfaPMFF5l0EJLiRsTfw=
103,107,bsTJ7856RwjYy5fGdM3NHe0E/tA=,bfsFUKedCfaPMFF5l0EJLiRsTfw=
102,107,bsTJ7856RwjYy5fGdM3NHe0E/tA=,bfsFUKedCfaPMFF5l0EJLiRsTfw=
103,111,bsTJ7856RwjYy5fGdM3NHe0E/tA=,bfsFUKedCfaPMFF5l0EJLiRsTfw=
97,108,bsTJ7856RwjYy5fGdM3NHe0E/tA=,bfsFUKedCfaPMFF5l0EJLiRsTfw=
100,107,bsTJ7856RwjYy5fGdM3NHe0E/tA=,bfsFUKedCfaPMFF5l0EJLiRsTfw=
101,107,bsTJ7856RwjYy5fGdM3NHe0E/tA=,bfsFUKedCfaPMFF5l0EJLiRsTfw=
99,107,bsTJ7856RwjYy5fGdM3NHe0E/tA=,bfsFUKedCfaPMFF5l0EJLiRsTfw=
98,107,bsTJ7856RwjYy5fGdM3NHe0E/tA=,bfsFUKedCfaPMFF5l0EJLiRsTfw=
97,107,bsTJ7856RwjYy5fGdM3NHe0E/tA=,bfsFUKedCfaPMFF5l0EJLiRsTfw=
96,107,bsTJ7856RwjYy5fGdM3NHe0E/tA=,bfsFUKedCfaPMFF5l0EJLiRsTfw=
103,106,bsTJ7856RwjYy5fGdM3NHe0E/tA=,bfsFUKedCfaPMFF5l0EJLiRsTfw=
98,106,bsTJ7856RwjYy5fGdM3NHe0E/tA=,bfsFUKedCfaPMFF5l0EJLiRsTfw=
99,106,bsTJ7856RwjYy5fGdM3NHe0E/tA=,bfsFUKedCfaPMFF5l0EJLiRsTfw=
102,106,bsTJ7856RwjYy5fGdM3NHe0E/tA=,bfsFUKedCfaPMFF5l0EJLiRsTfw=
100,106,bsTJ7856RwjYy5fGdM3NHe0E/tA=,bfsFUKedCfaPMFF5l0EJLiRsTfw=
101,106,bsTJ7856RwjYy5fGdM3NHe0E/tA=,bfsFUKedCfaPMFF5l0EJLiRsTfw=
97,106,bsTJ7856RwjYy5fGdM3NHe0E/tA=,bfsFUKedCfaPMFF5l0EJLiRsTfw=
103,105,bsTJ7856RwjYy5fGdM3NHe0E/tA=,bfsFUKedCfaPMFF5l0EJLiRsTfw=
101,111,bsTJ7856RwjYy5fGdM3NHe0E/tA=,bfsFUKedCfaPMFF5l0EJLiRsTfw=
102,111,bsTJ7856RwjYy5fGdM3NHe0E/tA=,bfsFUKedCfaPMFF5l0EJLiRsTfw=
96,106,bsTJ7856RwjYy5fGdM3NHe0E/tA=,bfsFUKedCfaPMFF5l0EJLiRsTfw=
104,111,bsTJ7856RwjYy5fGdM3NHe0E/tA=,bfsFUKedCfaPMFF5l0EJLiRsTfw=
103,104,bsTJ7856RwjYy5fGdM3NHe0E/tA=,bfsFUKedCfaPMFF5l0EJLiRsTfw=
102,104,bsTJ7856RwjYy5fGdM3NHe0E/tA=,bfsFUKedCfaPMFF5l0EJLiRsTfw=
101,105,bsTJ7856RwjYy5fGdM3NHe0E/tA=,bfsFUKedCfaPMFF5l0EJLiRsTfw=
101,104,bsTJ7856RwjYy5fGdM3NHe0E/tA=,bfsFUKedCfaPMFF5l0EJLiRsTfw=
102,105,bsTJ7856RwjYy5fGdM3NHe0E/tA=,bfsFUKedCfaPMFF5l0EJLiRsTfw=
100,104,bsTJ7856RwjYy5fGdM3NHe0E/tA=,bfsFUKedCfaPMFF5l0EJLiRsTfw=
99,105,bsTJ7856RwjYy5fGdM3NHe0E/tA=,bfsFUKedCfaPMFF5l0EJLiRsTfw=
98,104,bsTJ7856RwjYy5fGdM3NHe0E/tA=,bfsFUKedCfaPMFF5l0EJLiRsTfw=
104,110,bsTJ7856RwjYy5fGdM3NHe0E/tA=,bfsFUKedCfaPMFF5l0EJLiRsTfw=
97,104,bsTJ7856RwjYy5fGdM3NHe0E/tA=,bfsFUKedCfaPMFF5l0EJLiRsTfw=
99,104,bsTJ7856RwjYy5fGdM3NHe0E/tA=,bfsFUKedCfaPMFF5l0EJLiRsTfw=
96,104,bsTJ7856RwjYy5fGdM3NHe0E/tA=,bfsFUKedCfaPMFF5l0EJLiRsTfw=
103,103,bsTJ7856RwjYy5fGdM3NHe0E/tA=,bfsFUKedCfaPMFF5l0EJLiRsTfw=
100,105,bsTJ7856RwjYy5fGdM3NHe0E/tA=,bfsFUKedCfaPMFF5l0EJLiRsTfw=
101,103,bsTJ7856RwjYy5fGdM3NHe0E/tA=,bfsFUKedCfaPMFF5l0EJLiRsTfw=
96,105,bsTJ7856RwjYy5fGdM3NHe0E/tA=,bfsFUKedCfaPMFF5l0EJLiRsTfw=
102,103,bsTJ7856RwjYy5fGdM3NHe0E/tA=,bfsFUKedCfaPMFF5l0EJLiRsTfw=
97,105,bsTJ7856RwjYy5fGdM3NHe0E/tA=,bfsFUKedCfaPMFF5l0EJLiRsTfw=
100,111,bsTJ7856RwjYy5fGdM3NHe0E/tA=,bfsFUKedCfaPMFF5l0EJLiRsTfw=
98,105,bsTJ7856RwjYy5fGdM3NHe0E/tA=,bfsFUKedCfaPMFF5l0EJLiRsTfw=
105,125,bsTJ7856RwjYy5fGdM3NHe0E/tA=,bfsFUKedCfaPMFF5l0EJLiRsTfw=
106,125,bsTJ7856RwjYy5fGdM3NHe0E/tA=,bfsFUKedCfaPMFF5l0EJLiRsTfw=
107,125,bsTJ7856RwjYy5fGdM3NHe0E/tA=,bfsFUKedCfaPMFF5l0EJLiRsTfw=
109,124,bsTJ7856RwjYy5fGdM3NHe0E/tA=,bfsFUKedCfaPMFF5l0EJLiRsTfw=
108,124,bsTJ7856RwjYy5fGdM3NHe0E/tA=,bfsFUKedCfaPMFF5l0EJLiRsTfw=
110,124,bsTJ7856RwjYy5fGdM3NHe0E/tA=,bfsFUKedCfaPMFF5l0EJLiRsTfw=
108,125,bsTJ7856RwjYy5fGdM3NHe0E/tA=,bfsFUKedCfaPMFF5l0EJLiRsTfw=
107,124,bsTJ7856RwjYy5fGdM3NHe0E/tA=,bfsFUKedCfaPMFF5l0EJLiRsTfw=
109,125,bsTJ7856RwjYy5fGdM3NHe0E/tA=,bfsFUKedCfaPMFF5l0EJLiRsTfw=
106,124,bsTJ7856RwjYy5fGdM3NHe0E/tA=,bfsFUKedCfaPMFF5l0EJLiRsTfw=
108,123,bsTJ7856RwjYy5fGdM3NHe0E/tA=,bfsFUKedCfaPMFF5l0EJLiRsTfw=
110,125,bsTJ7856RwjYy5fGdM3NHe0E/tA=,bfsFUKedCfaPMFF5l0EJLiRsTfw=
110,123,bsTJ7856RwjYy5fGdM3NHe0E/tA=,bfsFUKedCfaPMFF5l0EJLiRsTfw=
107,123,bsTJ7856RwjYy5fGdM3NHe0E/tA=,bfsFUKedCfaPMFF5l0EJLiRsTfw=
109,123,bsTJ7856RwjYy5fGdM3NHe0E/tA=,bfsFUKedCfaPMFF5l0EJLiRsTfw=
105,124,bsTJ7856RwjYy5fGdM3NHe0E/tA=,bfsFUKedCfaPMFF5l0EJLiRsTfw=
105,123,bsTJ7856RwjYy5fGdM3NHe0E/tA=,bfsFUKedCfaPMFF5l0EJLiRsTfw=
110,122,bsTJ7856RwjYy5fGdM3NHe0E/tA=,bfsFUKedCfaPMFF5l0EJLiRsTfw=
108,122,bsTJ7856RwjYy5fGdM3NHe0E/tA=,bfsFUKedCfaPMFF5l0EJLiRsTfw=
107,122,bsTJ7856RwjYy5fGdM3NHe0E/tA=,bfsFUKedCfaPMFF5l0EJLiRsTfw=
109,122,bsTJ7856RwjYy5fGdM3NHe0E/tA=,bfsFUKedCfaPMFF5l0EJLiRsTfw=
105,126,bsTJ7856RwjYy5fGdM3NHe0E/tA=,bfsFUKedCfaPMFF5l0EJLiRsTfw=
106,122,bsTJ7856RwjYy5fGdM3NHe0E/tA=,bfsFUKedCfaPMFF5l0EJLiRsTfw=
106,126,bsTJ7856RwjYy5fGdM3NHe0E/tA=,bfsFUKedCfaPMFF5l0EJLiRsTfw=
110,121,bsTJ7856RwjYy5fGdM3NHe0E/tA=,bfsFUKedCfaPMFF5l0EJLiRsTfw=
109,121,bsTJ7856RwjYy5fGdM3NHe0E/tA=,bfsFUKedCfaPMFF5l0EJLiRsTfw=
105,122,bsTJ7856RwjYy5fGdM3NHe0E/tA=,bfsFUKedCfaPMFF5l0EJLiRsTfw=
108,121,bsTJ7856RwjYy5fGdM3NHe0E/tA=,bfsFUKedCfaPMFF5l0EJLiRsTfw=
108,126,bsTJ7856RwjYy5fGdM3NHe0E/tA=,bfsFUKedCfaPMFF5l0EJLiRsTfw=
107,126,bsTJ7856RwjYy5fGdM3NHe0E/tA=,bfsFUKedCfaPMFF5l0EJLiRsTfw=
107,121,bsTJ7856RwjYy5fGdM3NHe0E/tA=,bfsFUKedCfaPMFF5l0EJLiRsTfw=
106,121,bsTJ7856RwjYy5fGdM3NHe0E/tA=,bfsFUKedCfaPMFF5l0EJLiRsTfw=
105,121,bsTJ7856RwjYy5fGdM3NHe0E/tA=,bfsFUKedCfaPMFF5l0EJLiRsTfw=
109,126,bsTJ7856RwjYy5fGdM3NHe0E/tA=,bfsFUKedCfaPMFF5l0EJLiRsTfw=
110,126,bsTJ7856RwjYy5fGdM3NHe0E/tA=,bfsFUKedCfaPMFF5l0EJLiRsTfw=
106,123,bsTJ7856RwjYy5fGdM3NHe0E/tA=,bfsFUKedCfaPMFF5l0EJLiRsTfw=
111,123,bsTJ7856RwjYy5fGdM3NHe0E/tA=,bfsFUKedCfaPMFF5l0EJLiRsTfw=
111,122,bsTJ7856RwjYy5fGdM3NHe0E/tA=,bfsFUKedCfaPMFF5l0EJLiRsTfw=
111,125,bsTJ7856RwjYy5fGdM3NHe0E/tA=,bfsFUKedCfaPMFF5l0EJLiRsTfw=
111,124,bsTJ7856RwjYy5fGdM3NHe0E/tA=,bfsFUKedCfaPMFF5l0EJLiRsTfw=
111,126,bsTJ7856RwjYy5fGdM3NHe0E/tA=,bfsFUKedCfaPMFF5l0EJLiRsTfw=
110,127,bsTJ7856RwjYy5fGdM3NHe0E/tA=,bfsFUKedCfaPMFF5l0EJLiRsTfw=
111,121,bsTJ7856RwjYy5fGdM3NHe0E/tA=,bfsFUKedCfaPMFF5l0EJLiRsTfw=
109,127,bsTJ7856RwjYy5fGdM3NHe0E/tA=,bfsFUKedCfaPMFF5l0EJLiRsTfw=
107,127,bsTJ7856RwjYy5fGdM3NHe0E/tA=,bfsFUKedCfaPMFF5l0EJLiRsTfw=
108,127,bsTJ7856RwjYy5fGdM3NHe0E/tA=,bfsFUKedCfaPMFF5l0EJLiRsTfw=
105,127,bsTJ7856RwjYy5fGdM3NHe0E/tA=,bfsFUKedCfaPMFF5l0EJLiRsTfw=
106,127,bsTJ7856RwjYy5fGdM3NHe0E/tA=,bfsFUKedCfaPMFF5l0EJLiRsTfw=
111,127,bsTJ7856RwjYy5fGdM3NHe0E/tA=,bfsFUKedCfaPMFF5l0EJLiRsTfw=
98,127,bsTJ7856RwjYy5fGdM3NHe0E/tA=,bfsFUKedCfaPMFF5l0EJLiRsTfw=
100,127,bsTJ7856RwjYy5fGdM3NHe0E/tA=,bfsFUKedCfaPMFF5l0EJLiRsTfw=
104,125,bsTJ7856RwjYy5fGdM3NHe0E/tA=,bfsFUKedCfaPMFF5l0EJLiRsTfw=
97,127,bsTJ7856RwjYy5fGdM3NHe0E/tA=,bfsFUKedCfaPMFF5l0EJLiRsTfw=
96,127,bsTJ7856RwjYy5fGdM3NHe0E/tA=,bfsFUKedCfaPMFF5l0EJLiRsTfw=
101,127,bsTJ7856RwjYy5fGdM3NHe0E/tA=,bfsFUKedCfaPMFF5l0EJLiRsTfw=
103,126,bsTJ7856RwjYy5fGdM3NHe0E/tA=,bfsFUKedCfaPMFF5l0EJLiRsTfw=
102,126,bsTJ7856RwjYy5fGdM3NHe0E/tA=,bfsFUKedCfaPMFF5l0EJLiRsTfw=
101,126,bsTJ7856RwjYy5fGdM3NHe0E/tA=,bfsFUKedCfaPMFF5l0EJLiRsTfw=
102,127,bsTJ7856RwjYy5fGdM3NHe0E/tA=,bfsFUKedCfaPMFF5l0EJLiRsTfw=
103,127,bsTJ7856RwjYy5fGdM3NHe0E/tA=,bfsFUKedCfaPMFF5l0EJLiRsTfw=
100,126,bsTJ7856RwjYy5fGdM3NHe0E/tA=,bfsFUKedCfaPMFF5l0EJLiRsTfw=
104,124,bsTJ7856RwjYy5fGdM3NHe0E/tA=,bfsFUKedCfaPMFF5l0EJLiRsTfw=
96,121,bsTJ7856RwjYy5fGdM3NHe0E/tA=,bfsFUKedCfaPMFF5l0EJLiRsTfw=
97,126,bsTJ7856RwjYy5fGdM3NHe0E/tA=,bfsFUKedCfaPMFF5l0EJLiRsTfw=
97,121,bsTJ7856RwjYy5fGdM3NHe0E/tA=,bfsFUKedCfaPMFF5l0EJLiRsTfw=
99,126,bsTJ7856RwjYy5fGdM3NHe0E/tA=,bfsFUKedCfaPMFF5l0EJLiRsTfw=
103,125,bsTJ7856RwjYy5fGdM3NHe0E/tA=,bfsFUKedCfaPMFF5l0EJLiRsTfw=
98,126,bsTJ7856RwjYy5fGdM3NHe0E/tA=,bfsFUKedCfaPMFF5l0EJLiRsTfw=
98,121,bsTJ7856RwjYy5fGdM3NHe0E/tA=,bfsFUKedCfaPMFF5l0EJLiRsTfw=
96,126,bsTJ7856RwjYy5fGdM3NHe0E/tA=,bfsFUKedCfaPMFF5l0EJLiRsTfw=
102,125,bsTJ7856RwjYy5fGdM3NHe0E/tA=,bfsFUKedCfaPMFF5l0EJLiRsTfw=
104,123,bsTJ7856RwjYy5fGdM3NHe0E/tA=,bfsFUKedCfaPMFF5l0EJLiRsTfw=
100,125,bsTJ7856RwjYy5fGdM3NHe0E/tA=,bfsFUKedCfaPMFF5l0EJLiRsTfw=
101,125,bsTJ7856RwjYy5fGdM3NHe0E/tA=,bfsFUKedCfaPMFF5l0EJLiRsTfw=
104,126,bsTJ7856RwjYy5fGdM3NHe0E/tA=,bfsFUKedCfaPMFF5l0EJLiRsTfw=
98,125,bsTJ7856RwjYy5fGdM3NHe0E/tA=,bfsFUKedCfaPMFF5l0EJLiRsTfw=
97,125,bsTJ7856RwjYy5fGdM3NHe0E/tA=,bfsFUKedCfaPMFF5l0EJLiRsTfw=
96,125,bsTJ7856RwjYy5fGdM3NHe0E/tA=,bfsFUKedCfaPMFF5l0EJLiRsTfw=
99,121,bsTJ7856RwjYy5fGdM3NHe0E/tA=,bfsFUKedCfaPMFF5l0EJLiRsTfw=
99,125,bsTJ7856RwjYy5fGdM3NHe0E/tA=,bfsFUKedCfaPMFF5l0EJLiRsTfw=
104,122,bsTJ7856RwjYy5fGdM3NHe0E/tA=,bfsFUKedCfaPMFF5l0EJLiRsTfw=
99,127,bsTJ7856RwjYy5fGdM3NHe0E/tA=,bfsFUKedCfaPMFF5l0EJLiRsTfw=
102,124,bsTJ7856RwjYy5fGdM3NHe0E/tA=,bfsFUKedCfaPMFF5l0EJLiRsTfw=
101,124,bsTJ7856RwjYy5fGdM3NHe0E/tA=,bfsFUKedCfaPMFF5l0EJLiRsTfw=
100,121,bsTJ7856RwjYy5fGdM3NHe0E/tA=,bfsFUKedCfaPMFF5l0EJLiRsTfw=
103,124,bsTJ7856RwjYy5fGdM3NHe0E/tA=,bfsFUKedCfaPMFF5l0EJLiRsTfw=
99,124,bsTJ7856RwjYy5fGdM3NHe0E/tA=,bfsFUKedCfaPMFF5l0EJLiRsTfw=
98,124,bsTJ7856RwjYy5fGdM3NHe0E/tA=,bfsFUKedCfaPMFF5l0EJLiRsTfw=
101,121,bsTJ7856RwjYy5fGdM3NHe0E/tA=,bfsFUKedCfaPMFF5l0EJLiRsTfw=
100,124,bsTJ7856RwjYy5fGdM3NHe0E/tA=,bfsFUKedCfaPMFF5l0EJLiRsTfw=
97,124,bsTJ7856RwjYy5fGdM3NHe0E/tA=,bfsFUKedCfaPMFF5l0EJLiRsTfw=
102,121,bsTJ7856RwjYy5fGdM3NHe0E/tA=,bfsFUKedCfaPMFF5l0EJLiRsTfw=
103,123,bsTJ7856RwjYy5fGdM3NHe0E/tA=,bfsFUKedCfaPMFF5l0EJLiRsTfw=
96,124,bsTJ7856RwjYy5fGdM3NHe0E/tA=,bfsFUKedCfaPMFF5l0EJLiRsTfw=
102,123,bsTJ7856RwjYy5fGdM3NHe0E/tA=,bfsFUKedCfaPMFF5l0EJLiRsTfw=
103,121,bsTJ7856RwjYy5fGdM3NHe0E/tA=,bfsFUKedCfaPMFF5l0EJLiRsTfw=
101,123,bsTJ7856RwjYy5fGdM3NHe0E/tA=,bfsFUKedCfaPMFF5l0EJLiRsTfw=
100,123,bsTJ7856RwjYy5fGdM3NHe0E/tA=,bfsFUKedCfaPMFF5l0EJLiRsTfw=
104,127,bsTJ7856RwjYy5fGdM3NHe0E/tA=,bfsFUKedCfaPMFF5l0EJLiRsTfw=
104,121,bsTJ7856RwjYy5fGdM3NHe0E/tA=,bfsFUKedCfaPMFF5l0EJLiRsTfw=
96,122,bsTJ7856RwjYy5fGdM3NHe0E/tA=,bfsFUKedCfaPMFF5l0EJLiRsTfw=
98,123,bsTJ7856RwjYy5fGdM3NHe0E/tA=,bfsFUKedCfaPMFF5l0EJLiRsTfw=
97,123,bsTJ7856RwjYy5fGdM3NHe0E/tA=,bfsFUKedCfaPMFF5l0EJLiRsTfw=
99,123,bsTJ7856RwjYy5fGdM3NHe0E/tA=,bfsFUKedCfaPMFF5l0EJLiRsTfw=
96,123,bsTJ7856RwjYy5fGdM3NHe0E/tA=,bfsFUKedCfaPMFF5l0EJLiRsTfw=
97,122,bsTJ7856RwjYy5fGdM3NHe0E/tA=,bfsFUKedCfaPMFF5l0EJLiRsTfw=
103,122,bsTJ7856RwjYy5fGdM3NHe0E/tA=,bfsFUKedCfaPMFF5l0EJLiRsTfw=
102,122,bsTJ7856RwjYy5fGdM3NHe0E/tA=,bfsFUKedCfaPMFF5l0EJLiRsTfw=
101,122,bsTJ7856RwjYy5fGdM3NHe0E/tA=,bfsFUKedCfaPMFF5l0EJLiRsTfw=
100,122,bsTJ7856RwjYy5fGdM3NHe0E/tA=,bfsFUKedCfaPMFF5l0EJLiRsTfw=
98,122,bsTJ7856RwjYy5fGdM3NHe0E/tA=,bfsFUKedCfaPMFF5l0EJLiRsTfw=
111,119,bsTJ7856RwjYy5fGdM3NHe0E/tA=,bfsFUKedCfaPMFF5l0EJLiRsTfw=
108,115,bsTJ7856RwjYy5fGdM3NHe0E/tA=,bfsFUKedCfaPMFF5l0EJLiRsTfw=
107,115,bsTJ7856RwjYy5fGdM3NHe0E/tA=,bfsFUKedCfaPMFF5l0EJLiRsTfw=
99,122,bsTJ7856RwjYy5fGdM3NHe0E/tA=,bfsFUKedCfaPMFF5l0EJLiRsTfw=
110,119,bsTJ7856RwjYy5fGdM3NHe0E/tA=,bfsFUKedCfaPMFF5l0EJLiRsTfw=
109,115,bsTJ7856RwjYy5fGdM3NHe0E/tA=,bfsFUKedCfaPMFF5l0EJLiRsTfw=
106,115,bsTJ7856RwjYy5fGdM3NHe0E/tA=,bfsFUKedCfaPMFF5l0EJLiRsTfw=
110,115,bsTJ7856RwjYy5fGdM3NHe0E/tA=,bfsFUKedCfaPMFF5l0EJLiRsTfw=
105,115,bsTJ7856RwjYy5fGdM3NHe0E/tA=,bfsFUKedCfaPMFF5l0EJLiRsTfw=
109,119,bsTJ7856RwjYy5fGdM3NHe0E/tA=,bfsFUKedCfaPMFF5l0EJLiRsTfw=
108,119,bsTJ7856RwjYy5fGdM3NHe0E/tA=,bfsFUKedCfaPMFF5l0EJLiRsTfw=
111,114,bsTJ7856RwjYy5fGdM3NHe0E/tA=,bfsFUKedCfaPMFF5l0EJLiRsTfw=
107,119,bsTJ7856RwjYy5fGdM3NHe0E/tA=,bfsFUKedCfaPMFF5l0EJLiRsTfw=
111,115,bsTJ7856RwjYy5fGdM3NHe0E/tA=,bfsFUKedCfaPMFF5l0EJLiRsTfw=
110,114,bsTJ7856RwjYy5fGdM3NHe0E/tA=,bfsFUKedCfaPMFF5l0EJLiRsTfw=
106,119,bsTJ7856RwjYy5fGdM3NHe0E/tA=,bfsFUKedCfaPMFF5l0EJLiRsTfw=
105,116,bsTJ7856RwjYy5fGdM3NHe0E/tA=,bfsFUKedCfaPMFF5l0EJLiRsTfw=
109,114,bsTJ7856RwjYy5fGdM3NHe0E/tA=,bfsFUKedCfaPMFF5l0EJLiRsTfw=
105,120,bsTJ7856RwjYy5fGdM3NHe0E/tA=,bfsFUKedCfaPMFF5l0EJLiRsTfw=
108,114,bsTJ7856RwjYy5fGdM3NHe0E/tA=,bfsFUKedCfaPMFF5l0EJLiRsTfw=
107,114,bsTJ7856RwjYy5fGdM3NHe0E/tA=,bfsFUKedCfaPMFF5l0EJLiRsTfw=
106,114,bsTJ7856RwjYy5fGdM3NHe0E/tA=,bfsFUKedCfaPMFF5l0EJLiRsTfw=
106,120,bsTJ7856RwjYy5fGdM3NHe0E/tA=,bfsFUKedCfaPMFF5l0EJLiRsTfw=
107,120,bsTJ7856RwjYy5fGdM3NHe0E/tA=,bfsFUKedCfaPMFF5l0EJLiRsTfw=
105,114,bsTJ7856RwjYy5fGdM3NHe0E/tA=,bfsFUKedCfaPMFF5l0EJLiRsTfw=
105,119,bsTJ7856RwjYy5fGdM3NHe0E/tA=,bfsFUKedCfaPMFF5l0EJLiRsTfw=
108,120,bsTJ7856RwjYy5fGdM3NHe0E/tA=,bfsFUKedCfaPMFF5l0EJLiRsTfw=
110,113,bsTJ7856RwjYy5fGdM3NHe0E/tA=,bfsFUKedCfaPMFF5l0EJLiRsTfw=
106,116,bsTJ7856RwjYy5fGdM3NHe0E/tA=,bfsFUKedCfaPMFF5l0EJLiRsTfw=
111,113,bsTJ7856RwjYy5fGdM3NHe0E/tA=,bfsFUKedCfaPMFF5l0EJLiRsTfw=
107,116,bsTJ7856RwjYy5fGdM3NHe0E/tA=,bfsFUKedCfaPMFF5l0EJLiRsTfw=
108,116,bsTJ7856RwjYy5fGdM3NHe0E/tA=,bfsFUKedCfaPMFF5l0EJLiRsTfw=
109,113,bsTJ7856RwjYy5fGdM3NHe0E/tA=,bfsFUKedCfaPMFF5l0EJLiRsTfw=
108,113,bsTJ7856RwjYy5fGdM3NHe0E/tA=,bfsFUKedCfaPMFF5l0EJLiRsTfw=
109,116,bsTJ7856RwjYy5fGdM3NHe0E/tA=,bfsFUKedCfaPMFF5l0EJLiRsTfw=
111,118,bsTJ7856RwjYy5fGdM3NHe0E/tA=,bfsFUKedCfaPMFF5l0EJLiRsTfw=
106,113,bsTJ7856RwjYy5fGdM3NHe0E/tA=,bfsFUKedCfaPMFF5l0EJLiRsTfw=
107,113,bsTJ7856RwjYy5fGdM3NHe0E/tA=,bfsFUKedCfaPMFF5l0EJLiRsTfw=
105,113,bsTJ7856RwjYy5fGdM3NHe0E/tA=,bfsFUKedCfaPMFF5l0EJLiRsTfw=
110,118,bsTJ7856RwjYy5fGdM3NHe0E/tA=,bfsFUKedCfaPMFF5l0EJLiRsTfw=
110,116,bsTJ7856RwjYy5fGdM3NHe0E/tA=,bfsFUKedCfaPMFF5l0EJLiRsTfw=
111,112,bsTJ7856RwjYy5fGdM3NHe0E/tA=,bfsFUKedCfaPMFF5l0EJLiRsTfw=
110,112,bsTJ7856RwjYy5fGdM3NHe0E/tA=,bfsFUKedCfaPMFF5l0EJLiRsTfw=
109,112,bsTJ7856RwjYy5fGdM3NHe0E/tA=,bfsFUKedCfaPMFF5l0EJLiRsTfw=
108,112,bsTJ7856RwjYy5fGdM3NHe0E/tA=,bfsFUKedCfaPMFF5l0EJLiRsTfw=
109,118,bsTJ7856RwjYy5fGdM3NHe0E/tA=,bfsFUKedCfaPMFF5l0EJLiRsTfw=
107,112,bsTJ7856RwjYy5fGdM3NHe0E/tA=,bfsFUKedCfaPMFF5l0EJLiRsTfw=
106,112,bsTJ7856RwjYy5fGdM3NHe0E/tA=,bfsFUKedCfaPMFF5l0EJLiRsTfw=
105,112,bsTJ7856RwjYy5fGdM3NHe0E/tA=,bfsFUKedCfaPMFF5l0EJLiRsTfw=
111,116,bsTJ7856RwjYy5fGdM3NHe0E/tA=,bfsFUKedCfaPMFF5l0EJLiRsTfw=
108,118,bsTJ7856RwjYy5fGdM3NHe0E/tA=,bfsFUKedCfaPMFF5l0EJLiRsTfw=
107,118,bsTJ7856RwjYy5fGdM3NHe0E/tA=,bfsFUKedCfaPMFF5l0EJLiRsTfw=
106,118,bsTJ7856RwjYy5fGdM3NHe0E/tA=,bfsFUKedCfaPMFF5l0EJLiRsTfw=
105,117,bsTJ7856RwjYy5fGdM3NHe0E/tA=,bfsFUKedCfaPMFF5l0EJLiRsTfw=
111,120,bsTJ7856RwjYy5fGdM3NHe0E/tA=,bfsFUKedCfaPMFF5l0EJLiRsTfw=
110,120,bsTJ7856RwjYy5fGdM3NHe0E/tA=,bfsFUKedCfaPMFF5l0EJLiRsTfw=
105,118,bsTJ7856RwjYy5fGdM3NHe0E/tA=,bfsFUKedCfaPMFF5l0EJLiRsTfw=
111,117,bsTJ7856RwjYy5fGdM3NHe0E/tA=,bfsFUKedCfaPMFF5l0EJLiRsTfw=
106,117,bsTJ7856RwjYy5fGdM3NHe0E/tA=,bfsFUKedCfaPMFF5l0EJLiRsTfw=
110,117,bsTJ7856RwjYy5fGdM3NHe0E/tA=,bfsFUKedCfaPMFF5l0EJLiRsTfw=
109,120,bsTJ7856RwjYy5fGdM3NHe0E/tA=,bfsFUKedCfaPMFF5l0EJLiRsTfw=
107,117,bsTJ7856RwjYy5fGdM3NHe0E/tA=,bfsFUKedCfaPMFF5l0EJLiRsTfw=
109,117,bsTJ7856RwjYy5fGdM3NHe0E/tA=,bfsFUKedCfaPMFF5l0EJLiRsTfw=
108,117,bsTJ7856RwjYy5fGdM3NHe0E/tA=,bfsFUKedCfaPMFF5l0EJLiRsTfw=
104,115,ZwEfgsRh7MZ6ftfwEBnRCawDSDU=,bfsFUKedCfaPMFF5l0EJLiRsTfw=
100,119,ZwEfgsRh7MZ6ftfwEBnRCawDSDU=,bfsFUKedCfaPMFF5l0EJLiRsTfw=
101,119,ZwEfgsRh7MZ6ftfwEBnRCawDSDU=,bfsFUKedCfaPMFF5l0EJLiRsTfw=
102,119,ZwEfgsRh7MZ6ftfwEBnRCawDSDU=,bfsFUKedCfaPMFF5l0EJLiRsTfw=
103,119,ZwEfgsRh7MZ6ftfwEBnRCawDSDU=,bfsFUKedCfaPMFF5l0EJLiRsTfw=
99,119,ZwEfgsRh7MZ6ftfwEBnRCawDSDU=,bfsFUKedCfaPMFF5l0EJLiRsTfw=
101,118,ZwEfgsRh7MZ6ftfwEBnRCawDSDU=,bfsFUKedCfaPMFF5l0EJLiRsTfw=
100,114,ZwEfgsRh7MZ6ftfwEBnRCawDSDU=,bfsFUKedCfaPMFF5l0EJLiRsTfw=
96,120,ZwEfgsRh7MZ6ftfwEBnRCawDSDU=,bfsFUKedCfaPMFF5l0EJLiRsTfw=
101,117,ZwEfgsRh7MZ6ftfwEBnRCawDSDU=,bfsFUKedCfaPMFF5l0EJLiRsTfw=
104,114,ZwEfgsRh7MZ6ftfwEBnRCawDSDU=,bfsFUKedCfaPMFF5l0EJLiRsTfw=
100,117,ZwEfgsRh7MZ6ftfwEBnRCawDSDU=,bfsFUKedCfaPMFF5l0EJLiRsTfw=
104,119,ZwEfgsRh7MZ6ftfwEBnRCawDSDU=,bfsFUKedCfaPMFF5l0EJLiRsTfw=
103,116,ZwEfgsRh7MZ6ftfwEBnRCawDSDU=,bfsFUKedCfaPMFF5l0EJLiRsTfw=
99,117,ZwEfgsRh7MZ6ftfwEBnRCawDSDU=,bfsFUKedCfaPMFF5l0EJLiRsTfw=
98,119,ZwEfgsRh7MZ6ftfwEBnRCawDSDU=,bfsFUKedCfaPMFF5l0EJLiRsTfw=
99,112,ZwEfgsRh7MZ6ftfwEBnRCawDSDU=,bfsFUKedCfaPMFF5l0EJLiRsTfw=
97,119,ZwEfgsRh7MZ6ftfwEBnRCawDSDU=,bfsFUKedCfaPMFF5l0EJLiRsTfw=
104,113,ZwEfgsRh7MZ6ftfwEBnRCawDSDU=,bfsFUKedCfaPMFF5l0EJLiRsTfw=
101,114,ZwEfgsRh7MZ6ftfwEBnRCawDSDU=,bfsFUKedCfaPMFF5l0EJLiRsTfw=
97,120,ZwEfgsRh7MZ6ftfwEBnRCawDSDU=,bfsFUKedCfaPMFF5l0EJLiRsTfw=
98,120,ZwEfgsRh7MZ6ftfwEBnRCawDSDU=,bfsFUKedCfaPMFF5l0EJLiRsTfw=
100,118,ZwEfgsRh7MZ6ftfwEBnRCawDSDU=,bfsFUKedCfaPMFF5l0EJLiRsTfw=
99,118,ZwEfgsRh7MZ6ftfwEBnRCawDSDU=,bfsFUKedCfaPMFF5l0EJLiRsTfw=
97,116,ZwEfgsRh7MZ6ftfwEBnRCawDSDU=,bfsFUKedCfaPMFF5l0EJLiRsTfw=
98,118,ZwEfgsRh7MZ6ftfwEBnRCawDSDU=,bfsFUKedCfaPMFF5l0EJLiRsTfw=
96,119,ZwEfgsRh7MZ6ftfwEBnRCawDSDU=,bfsFUKedCfaPMFF5l0EJLiRsTfw=
96,116,ZwEfgsRh7MZ6ftfwEBnRCawDSDU=,bfsFUKedCfaPMFF5l0EJLiRsTfw=
104,112,ZwEfgsRh7MZ6ftfwEBnRCawDSDU=,bfsFUKedCfaPMFF5l0EJLiRsTfw=
103,118,ZwEfgsRh7MZ6ftfwEBnRCawDSDU=,bfsFUKedCfaPMFF5l0EJLiRsTfw=
96,117,ZwEfgsRh7MZ6ftfwEBnRCawDSDU=,bfsFUKedCfaPMFF5l0EJLiRsTfw=
104,116,ZwEfgsRh7MZ6ftfwEBnRCawDSDU=,bfsFUKedCfaPMFF5l0EJLiRsTfw=
96,118,ZwEfgsRh7MZ6ftfwEBnRCawDSDU=,bfsFUKedCfaPMFF5l0EJLiRsTfw=
103,115,ZwEfgsRh7MZ6ftfwEBnRCawDSDU=,bfsFUKedCfaPMFF5l0EJLiRsTfw=
98,115,ZwEfgsRh7MZ6ftfwEBnRCawDSDU=,bfsFUKedCfaPMFF5l0EJLiRsTfw=
99,115,ZwEfgsRh7MZ6ftfwEBnRCawDSDU=,bfsFUKedCfaPMFF5l0EJLiRsTfw=
97,115,ZwEfgsRh7MZ6ftfwEBnRCawDSDU=,bfsFUKedCfaPMFF5l0EJLiRsTfw=
96,112,ZwEfgsRh7MZ6ftfwEBnRCawDSDU=,bfsFUKedCfaPMFF5l0EJLiRsTfw=
102,117,ZwEfgsRh7MZ6ftfwEBnRCawDSDU=,bfsFUKedCfaPMFF5l0EJLiRsTfw=
104,118,ZwEfgsRh7MZ6ftfwEBnRCawDSDU=,bfsFUKedCfaPMFF5l0EJLiRsTfw=
99,120,ZwEfgsRh7MZ6ftfwEBnRCawDSDU=,bfsFUKedCfaPMFF5l0EJLiRsTfw=
100,120,ZwEfgsRh7MZ6ftfwEBnRCawDSDU=,bfsFUKedCfaPMFF5l0EJLiRsTfw=
101,120,ZwEfgsRh7MZ6ftfwEBnRCawDSDU=,bfsFUKedCfaPMFF5l0EJLiRsTfw=
104,120,ZwEfgsRh7MZ6ftfwEBnRCawDSDU=,bfsFUKedCfaPMFF5l0EJLiRsTfw=
102,120,ZwEfgsRh7MZ6ftfwEBnRCawDSDU=,bfsFUKedCfaPMFF5l0EJLiRsTfw=
103,120,ZwEfgsRh7MZ6ftfwEBnRCawDSDU=,bfsFUKedCfaPMFF5l0EJLiRsTfw=
98,112,ZwEfgsRh7MZ6ftfwEBnRCawDSDU=,bfsFUKedCfaPMFF5l0EJLiRsTfw=
99,113,ZwEfgsRh7MZ6ftfwEBnRCawDSDU=,bfsFUKedCfaPMFF5l0EJLiRsTfw=
100,115,ZwEfgsRh7MZ6ftfwEBnRCawDSDU=,bfsFUKedCfaPMFF5l0EJLiRsTfw=
102,115,ZwEfgsRh7MZ6ftfwEBnRCawDSDU=,bfsFUKedCfaPMFF5l0EJLiRsTfw=
96,115,ZwEfgsRh7MZ6ftfwEBnRCawDSDU=,bfsFUKedCfaPMFF5l0EJLiRsTfw=
98,113,ZwEfgsRh7MZ6ftfwEBnRCawDSDU=,bfsFUKedCfaPMFF5l0EJLiRsTfw=
97,118,ZwEfgsRh7MZ6ftfwEBnRCawDSDU=,bfsFUKedCfaPMFF5l0EJLiRsTfw=
103,117,ZwEfgsRh7MZ6ftfwEBnRCawDSDU=,bfsFUKedCfaPMFF5l0EJLiRsTfw=
96,113,ZwEfgsRh7MZ6ftfwEBnRCawDSDU=,bfsFUKedCfaPMFF5l0EJLiRsTfw=
97,113,ZwEfgsRh7MZ6ftfwEBnRCawDSDU=,bfsFUKedCfaPMFF5l0EJLiRsTfw=
102,118,ZwEfgsRh7MZ6ftfwEBnRCawDSDU=,bfsFUKedCfaPMFF5l0EJLiRsTfw=
103,112,ZwEfgsRh7MZ6ftfwEBnRCawDSDU=,bfsFUKedCfaPMFF5l0EJLiRsTfw=
101,116,ZwEfgsRh7MZ6ftfwEBnRCawDSDU=,bfsFUKedCfaPMFF5l0EJLiRsTfw=
102,116,ZwEfgsRh7MZ6ftfwEBnRCawDSDU=,bfsFUKedCfaPMFF5l0EJLiRsTfw=
104,117,ZwEfgsRh7MZ6ftfwEBnRCawDSDU=,bfsFUKedCfaPMFF5l0EJLiRsTfw=
100,116,ZwEfgsRh7MZ6ftfwEBnRCawDSDU=,bfsFUKedCfaPMFF5l0EJLiRsTfw=
99,114,ZwEfgsRh7MZ6ftfwEBnRCawDSDU=,bfsFUKedCfaPMFF5l0EJLiRsTfw=
100,113,ZwEfgsRh7MZ6ftfwEBnRCawDSDU=,bfsFUKedCfaPMFF5l0EJLiRsTfw=
102,112,ZwEfgsRh7MZ6ftfwEBnRCawDSDU=,bfsFUKedCfaPMFF5l0EJLiRsTfw=
98,116,ZwEfgsRh7MZ6ftfwEBnRCawDSDU=,bfsFUKedCfaPMFF5l0EJLiRsTfw=
103,114,ZwEfgsRh7MZ6ftfwEBnRCawDSDU=,bfsFUKedCfaPMFF5l0EJLiRsTfw=
99,116,ZwEfgsRh7MZ6ftfwEBnRCawDSDU=,bfsFUKedCfaPMFF5l0EJLiRsTfw=
101,112,ZwEfgsRh7MZ6ftfwEBnRCawDSDU=,bfsFUKedCfaPMFF5l0EJLiRsTfw=
101,115,ZwEfgsRh7MZ6ftfwEBnRCawDSDU=,bfsFUKedCfaPMFF5l0EJLiRsTfw=
101,113,ZwEfgsRh7MZ6ftfwEBnRCawDSDU=,bfsFUKedCfaPMFF5l0EJLiRsTfw=
100,112,ZwEfgsRh7MZ6ftfwEBnRCawDSDU=,bfsFUKedCfaPMFF5l0EJLiRsTfw=
98,114,ZwEfgsRh7MZ6ftfwEBnRCawDSDU=,bfsFUKedCfaPMFF5l0EJLiRsTfw=
97,112,ZwEfgsRh7MZ6ftfwEBnRCawDSDU=,bfsFUKedCfaPMFF5l0EJLiRsTfw=
102,114,ZwEfgsRh7MZ6ftfwEBnRCawDSDU=,bfsFUKedCfaPMFF5l0EJLiRsTfw=
97,114,ZwEfgsRh7MZ6ftfwEBnRCawDSDU=,bfsFUKedCfaPMFF5l0EJLiRsTfw=
97,117,ZwEfgsRh7MZ6ftfwEBnRCawDSDU=,bfsFUKedCfaPMFF5l0EJLiRsTfw=
96,114,ZwEfgsRh7MZ6ftfwEBnRCawDSDU=,bfsFUKedCfaPMFF5l0EJLiRsTfw=
103,113,ZwEfgsRh7MZ6ftfwEBnRCawDSDU=,bfsFUKedCfaPMFF5l0EJLiRsTfw=
102,113,ZwEfgsRh7MZ6ftfwEBnRCawDSDU=,bfsFUKedCfaPMFF5l0EJLiRsTfw=
98,117,ZwEfgsRh7MZ6ftfwEBnRCawDSDU=,bfsFUKedCfaPMFF5l0EJLiRsTfw=
